user_id,name,email,gender,city,signup_date
U000001,Joshua Gregory,user000001@example.com,Male,Port Stacybury,2024-07-30
U000002,Jessica Schneider,user000002@example.com,Female,New Sylvia,2024-12-01
U000003,Don Perkins,user000003@example.com,Other,Kyleshire,2025-10-12
U000004,Krystal Clark,user000004@example.com,Female,Johnnybury,2024-07-11
U000005,Terry Smith,user000005@example.com,Female,Johnsonmouth,2024-09-22
U000006,Stacy Sanchez,user000006@example.com,Other,Kellifurt,2024-05-27
U000007,Jennifer Shelton,user000007@example.com,Other,Williamfort,2025-08-20
U000008,Christopher Fox,user000008@example.com,Other,Dudleybury,2024-12-02
U000009,Nicole Tran,user000009@example.com,Other,Port Sarah,2025-07-17
U000010,Joshua Morris,user000010@example.com,Female,Ashleyport,2026-02-07
U000011,Craig Orozco,user000011@example.com,Male,Trujilloside,2024-05-23
U000012,Marilyn Peterson,user000012@example.com,Female,New Anthonyside,2024-07-08
U000013,Daniel Cuevas,user000013@example.com,Male,Danielton,2025-11-11
U000014,Jeremy Jacobs,user000014@example.com,Male,Ashleeton,2025-01-25
U000015,Joseph Garza,user000015@example.com,Male,Ericaborough,2024-11-23
U000016,Erica Martinez,user000016@example.com,Male,North Kaylafort,2024-12-23
U000017,Brooke Johnson,user000017@example.com,Female,Port Jacob,2024-12-31
U000018,Robert Sellers,user000018@example.com,Male,Jasonbury,2026-02-19
U000019,Marc Perez,user000019@example.com,Other,Johnsonmouth,2025-11-30
U000020,Jacob Macias,user000020@example.com,Female,Laurabury,2025-10-18
U000021,Thomas West DDS,user000021@example.com,Female,Chelseaville,2026-04-08
U000022,Andrew Clark,user000022@example.com,Other,Loganhaven,2024-08-25
U000023,Brenda Anderson,user000023@example.com,Female,North Nancy,2024-12-02
U000024,Jack Hudson,user000024@example.com,Male,Dickersonmouth,2024-12-24
U000025,Joshua Moore,user000025@example.com,Other,West Danny,2026-02-21
U000026,Richard Leonard,user000026@example.com,Female,East Christopherbury,2025-10-18
U000027,Arthur Palmer,user000027@example.com,Other,Amystad,2025-01-29
U000028,Randy Brown,user000028@example.com,Female,West Samuel,2025-08-11
U000029,Laura King,user000029@example.com,Female,South Leahview,2025-02-10
U000030,Andrea Cervantes,user000030@example.com,Male,Elliottberg,2025-06-15
U000031,Rodney Wang,user000031@example.com,Other,Cameronport,2024-09-29
U000032,Ryan Miller Jr.,user000032@example.com,Male,North Deborah,2025-06-04
U000033,Kayla Benson,user000033@example.com,Male,New Jason,2025-05-03
U000034,Kathryn Mcgee,user000034@example.com,Other,Levyport,2025-11-12
U000035,Kelly Stout,user000035@example.com,Male,West Eric,2025-06-22
U000036,Diane Taylor,user000036@example.com,Other,East Lauren,2024-06-30
U000037,Vanessa Montoya,user000037@example.com,Male,Stevensonbury,2025-11-19
U000038,Sarah Espinoza,user000038@example.com,Female,New Crystalton,2025-06-16
U000039,Terri Cole,user000039@example.com,Female,Port Nathaniel,2025-11-19
U000040,Samantha Shields,user000040@example.com,Female,Deborahfort,2025-09-28
U000041,Nancy Cochran,user000041@example.com,Female,Richardmouth,2025-05-08
U000042,Sheila Lee,user000042@example.com,Other,Audreytown,2025-04-22
U000043,Kim Jackson,user000043@example.com,Female,Port Emily,2024-06-05
U000044,Jeremy Lane,user000044@example.com,Female,Jerryview,2024-11-23
U000045,Thomas Fox,user000045@example.com,Female,North Sandraport,2025-09-23
U000046,Melissa Ortiz,user000046@example.com,Male,Weaverburgh,2025-08-07
U000047,Tracy Rhodes,user000047@example.com,Male,South Mirandaside,2026-03-03
U000048,Tina Davis,user000048@example.com,Female,New Maryhaven,2026-03-19
U000049,Ronald Gallegos,user000049@example.com,Female,Lake William,2025-12-26
U000050,Lori Norman,user000050@example.com,Male,South Maryshire,2025-06-02
U000051,Joy Gutierrez,user000051@example.com,Male,East Dave,2026-02-18
U000052,Mr. Sean Cook,user000052@example.com,Male,West Benjamin,2025-01-05
U000053,Monique Mullins,user000053@example.com,Male,Port Angelaville,2025-03-03
U000054,Riley Ramirez,user000054@example.com,Female,Rollinsstad,2024-07-03
U000055,Matthew Calhoun,user000055@example.com,Female,Josephport,2024-07-11
U000056,Jason Clark,user000056@example.com,Female,East Amyburgh,2024-11-17
U000057,Melissa Smith,user000057@example.com,Male,Jordanhaven,2026-03-05
U000058,Colleen Greene,user000058@example.com,Female,New Ryanburgh,2025-03-13
U000059,Raymond Collins,user000059@example.com,Male,Karenville,2025-11-11
U000060,Chad Martinez,user000060@example.com,Other,Lake Lynn,2025-05-02
U000061,Carrie Gonzales,user000061@example.com,Male,Juliemouth,2024-12-01
U000062,Alyssa Hall,user000062@example.com,Male,Donnaland,2024-05-09
U000063,Alyssa Ray,user000063@example.com,Male,Port Kimberly,2025-07-16
U000064,Margaret Turner,user000064@example.com,Other,East Julie,2024-08-02
U000065,Kathryn May,user000065@example.com,Female,Josephville,2025-01-30
U000066,Timothy Frank,user000066@example.com,Male,Barrettside,2025-12-28
U000067,Laura Hunter,user000067@example.com,Other,Richmondberg,2024-05-24
U000068,Charles Foster,user000068@example.com,Female,Greenville,2025-01-21
U000069,Jenna Ray,user000069@example.com,Female,East Melissa,2025-08-12
U000070,Terry Holland,user000070@example.com,Male,East Cheryl,2026-02-19
U000071,Jeffrey Gallagher,user000071@example.com,Other,Graymouth,2025-05-18
U000072,William Williams,user000072@example.com,Female,Julieton,2025-12-13
U000073,Mr. Nicholas Brooks,user000073@example.com,Male,Martinezburgh,2024-11-18
U000074,Austin Hudson,user000074@example.com,Female,Lake Jenniferberg,2024-10-12
U000075,Elizabeth Richard,user000075@example.com,Male,Port Richard,2024-11-14
U000076,Christopher Conley,user000076@example.com,Male,Blackburnshire,2024-05-28
U000077,Nicholas Rivas,user000077@example.com,Female,Yangshire,2025-08-31
U000078,Alicia Cardenas,user000078@example.com,Male,Garzafurt,2024-06-06
U000079,Angela Tucker,user000079@example.com,Other,Lesterburgh,2025-11-20
U000080,Tanya Villarreal,user000080@example.com,Female,South Amber,2025-06-08
U000081,Pamela Leonard,user000081@example.com,Male,Hintonberg,2024-06-10
U000082,Samuel Smith,user000082@example.com,Male,West Jenniferfort,2024-08-12
U000083,Jesus Fox,user000083@example.com,Female,West Joshua,2024-08-02
U000084,Jonathan Mack,user000084@example.com,Other,Lake Cody,2026-01-10
U000085,Matthew Larsen,user000085@example.com,Male,Bowmanview,2026-03-13
U000086,Brittany Joseph,user000086@example.com,Female,Louisborough,2025-01-08
U000087,Tamara Landry,user000087@example.com,Male,Wyatttown,2025-09-22
U000088,Amy Herrera,user000088@example.com,Other,Travisport,2024-08-24
U000089,Vincent Smith,user000089@example.com,Male,West Ryanmouth,2024-11-03
U000090,Joseph Rose,user000090@example.com,Female,Katelynside,2025-08-07
U000091,Angela James,user000091@example.com,Female,Kristenview,2025-12-24
U000092,Danielle Mckenzie,user000092@example.com,Female,Lake Elizabeth,2026-04-26
U000093,Dennis Davis,user000093@example.com,Male,East Kendra,2024-06-28
U000094,Kaylee Stevens,user000094@example.com,Female,Monicaville,2025-08-13
U000095,Peter Smith,user000095@example.com,Other,West Evanhaven,2024-12-19
U000096,Amanda Murphy,user000096@example.com,Female,Port April,2025-05-22
U000097,Andrew Fletcher,user000097@example.com,Other,Jonesstad,2024-06-25
U000098,David Cummings,user000098@example.com,Other,New Bruce,2024-09-09
U000099,Kevin Henson,user000099@example.com,Female,East Benjamin,2026-03-15
U000100,Samuel Ellis,user000100@example.com,Other,Port Randy,2025-02-23
